<metadata xml:lang="en"><Esri><CreaDate>20150812</CreaDate><CreaTime>13553800</CreaTime><ArcGISFormat>1.0</ArcGISFormat><ArcGISstyle>FGDC CSDGM Metadata</ArcGISstyle><SyncOnce>FALSE</SyncOnce><DataProperties><lineage><Process ToolSource="c:\program files (x86)\arcgis\desktop10.2\ArcToolbox\Toolboxes\Data Management Tools.tbx\CreateFeatureclass" Date="20150812" Time="135538">CreateFeatureclass \\Dataserver0\sedac\UHI_product\data\Output\Final_Data_Products\sdei-global-uhi-2013\sdei_global_uhi_2013.gdb sdei_global_uhi_2013_new POLYGON # DISABLED DISABLED "GEOGCS['GCS_WGS_1984',DATUM['D_WGS_1984',SPHEROID['WGS_1984',6378137.0,298.257223563]],PRIMEM['Greenwich',0.0],UNIT['Degree',0.0174532925199433]];-400 -400 1111948722.22222;#;#;8.98315284119522E-09;#;#;IsHighPrecision" # 0 0 0</Process><Process ToolSource="c:\program files (x86)\arcgis\desktop10.2\ArcToolbox\Toolboxes\Data Management Tools.tbx\AddField" Date="20150812" Time="140322">AddField \\Dataserver0\sedac\UHI_product\data\Output\Final_Data_Products\sdei-global-uhi-2013\sdei_global_uhi_2013.gdb\sdei_global_uhi_2013_new ISOURBID TEXT # # 25 # NULLABLE NON_REQUIRED #</Process><Process ToolSource="c:\program files (x86)\arcgis\desktop10.2\ArcToolbox\Toolboxes\Data Management Tools.tbx\AddField" Date="20150812" Time="140322">AddField \\Dataserver0\sedac\UHI_product\data\Output\Final_Data_Products\sdei-global-uhi-2013\sdei_global_uhi_2013.gdb\sdei_global_uhi_2013_new ISO3 TEXT # # 3 # NULLABLE NON_REQUIRED #</Process><Process ToolSource="c:\program files (x86)\arcgis\desktop10.2\ArcToolbox\Toolboxes\Data Management Tools.tbx\AddField" Date="20150812" Time="140322">AddField \\Dataserver0\sedac\UHI_product\data\Output\Final_Data_Products\sdei-global-uhi-2013\sdei_global_uhi_2013.gdb\sdei_global_uhi_2013_new URBID LONG # # # # NULLABLE NON_REQUIRED #</Process><Process ToolSource="c:\program files (x86)\arcgis\desktop10.2\ArcToolbox\Toolboxes\Data Management Tools.tbx\AddField" Date="20150812" Time="140322">AddField \\Dataserver0\sedac\UHI_product\data\Output\Final_Data_Products\sdei-global-uhi-2013\sdei_global_uhi_2013.gdb\sdei_global_uhi_2013_new NAME TEXT # # 35 # NULLABLE NON_REQUIRED #</Process><Process ToolSource="c:\program files (x86)\arcgis\desktop10.2\ArcToolbox\Toolboxes\Data Management Tools.tbx\AddField" Date="20150812" Time="140323">AddField \\Dataserver0\sedac\UHI_product\data\Output\Final_Data_Products\sdei-global-uhi-2013\sdei_global_uhi_2013.gdb\sdei_global_uhi_2013_new SCHNM TEXT # # 35 # NULLABLE NON_REQUIRED #</Process><Process ToolSource="c:\program files (x86)\arcgis\desktop10.2\ArcToolbox\Toolboxes\Data Management Tools.tbx\AddField" Date="20150812" Time="140323">AddField \\Dataserver0\sedac\UHI_product\data\Output\Final_Data_Products\sdei-global-uhi-2013\sdei_global_uhi_2013.gdb\sdei_global_uhi_2013_new ES90POP DOUBLE # # # # NULLABLE NON_REQUIRED #</Process><Process ToolSource="c:\program files (x86)\arcgis\desktop10.2\ArcToolbox\Toolboxes\Data Management Tools.tbx\AddField" Date="20150812" Time="140323">AddField \\Dataserver0\sedac\UHI_product\data\Output\Final_Data_Products\sdei-global-uhi-2013\sdei_global_uhi_2013.gdb\sdei_global_uhi_2013_new ES95POP DOUBLE # # # # NULLABLE NON_REQUIRED #</Process><Process ToolSource="c:\program files (x86)\arcgis\desktop10.2\ArcToolbox\Toolboxes\Data Management Tools.tbx\AddField" Date="20150812" Time="140323">AddField \\Dataserver0\sedac\UHI_product\data\Output\Final_Data_Products\sdei-global-uhi-2013\sdei_global_uhi_2013.gdb\sdei_global_uhi_2013_new ES00POP DOUBLE # # # # NULLABLE NON_REQUIRED #</Process><Process ToolSource="c:\program files (x86)\arcgis\desktop10.2\ArcToolbox\Toolboxes\Data Management Tools.tbx\AddField" Date="20150812" Time="140323">AddField \\Dataserver0\sedac\UHI_product\data\Output\Final_Data_Products\sdei-global-uhi-2013\sdei_global_uhi_2013.gdb\sdei_global_uhi_2013_new SQKM_FINAL FLOAT # # # # NULLABLE NON_REQUIRED #</Process><Process ToolSource="c:\program files (x86)\arcgis\desktop10.2\ArcToolbox\Toolboxes\Data Management Tools.tbx\AddField" Date="20150812" Time="140324">AddField \\Dataserver0\sedac\UHI_product\data\Output\Final_Data_Products\sdei-global-uhi-2013\sdei_global_uhi_2013.gdb\sdei_global_uhi_2013_new URB_D_MEAN DOUBLE # # # # NULLABLE NON_REQUIRED #</Process><Process ToolSource="c:\program files (x86)\arcgis\desktop10.2\ArcToolbox\Toolboxes\Data Management Tools.tbx\AddField" Date="20150812" Time="140324">AddField \\Dataserver0\sedac\UHI_product\data\Output\Final_Data_Products\sdei-global-uhi-2013\sdei_global_uhi_2013.gdb\sdei_global_uhi_2013_new BUF_D_MEAN DOUBLE # # # # NULLABLE NON_REQUIRED #</Process><Process ToolSource="c:\program files (x86)\arcgis\desktop10.2\ArcToolbox\Toolboxes\Data Management Tools.tbx\AddField" Date="20150812" Time="140324">AddField \\Dataserver0\sedac\UHI_product\data\Output\Final_Data_Products\sdei-global-uhi-2013\sdei_global_uhi_2013.gdb\sdei_global_uhi_2013_new D_T_DIFF DOUBLE # # # # NULLABLE NON_REQUIRED #</Process><Process ToolSource="c:\program files (x86)\arcgis\desktop10.2\ArcToolbox\Toolboxes\Data Management Tools.tbx\AddField" Date="20150812" Time="140324">AddField \\Dataserver0\sedac\UHI_product\data\Output\Final_Data_Products\sdei-global-uhi-2013\sdei_global_uhi_2013.gdb\sdei_global_uhi_2013_new URB_N_MEAN DOUBLE # # # # NULLABLE NON_REQUIRED #</Process><Process ToolSource="c:\program files (x86)\arcgis\desktop10.2\ArcToolbox\Toolboxes\Data Management Tools.tbx\AddField" Date="20150812" Time="140324">AddField \\Dataserver0\sedac\UHI_product\data\Output\Final_Data_Products\sdei-global-uhi-2013\sdei_global_uhi_2013.gdb\sdei_global_uhi_2013_new BUF_N_MEAN DOUBLE # # # # NULLABLE NON_REQUIRED #</Process><Process ToolSource="c:\program files (x86)\arcgis\desktop10.2\ArcToolbox\Toolboxes\Data Management Tools.tbx\AddField" Date="20150812" Time="140324">AddField \\Dataserver0\sedac\UHI_product\data\Output\Final_Data_Products\sdei-global-uhi-2013\sdei_global_uhi_2013.gdb\sdei_global_uhi_2013_new N_T_DIFF DOUBLE # # # # NULLABLE NON_REQUIRED #</Process><Process ToolSource="c:\program files (x86)\arcgis\desktop10.2\ArcToolbox\Toolboxes\Data Management Tools.tbx\AddField" Date="20150812" Time="140325">AddField \\Dataserver0\sedac\UHI_product\data\Output\Final_Data_Products\sdei-global-uhi-2013\sdei_global_uhi_2013.gdb\sdei_global_uhi_2013_new LATITUDE DOUBLE # # # # NULLABLE NON_REQUIRED #</Process><Process ToolSource="c:\program files (x86)\arcgis\desktop10.2\ArcToolbox\Toolboxes\Data Management Tools.tbx\AddField" Date="20150812" Time="140325">AddField \\Dataserver0\sedac\UHI_product\data\Output\Final_Data_Products\sdei-global-uhi-2013\sdei_global_uhi_2013.gdb\sdei_global_uhi_2013_new LONGITUDE DOUBLE # # # # NULLABLE NON_REQUIRED #</Process><Process ToolSource="c:\program files (x86)\arcgis\desktop10.2\ArcToolbox\Toolboxes\Data Management Tools.tbx\Append" Date="20150812" Time="140714">Append \\Dataserver0\sedac\UHI_product\data\Output\Final_Data_Products\sdei-global-uhi-2013\sdei_global_uhi_2013.gdb\sdei_global_uhi_2013 \\Dataserver0\sedac\UHI_product\data\Output\Final_Data_Products\sdei-global-uhi-2013\sdei_global_uhi_2013.gdb\sdei_global_uhi_2013_new TEST # #</Process><Process ToolSource="c:\program files (x86)\arcgis\desktop10.2\ArcToolbox\Toolboxes\Conversion Tools.tbx\FeatureClassToFeatureClass" Date="20150812" Time="162229">FeatureClassToFeatureClass \\Dataserver0\sedac\UHI_product\data\Output\Final_Data_Products\sdei-global-uhi-2013-gdb\sdei_global_uhi_2013.gdb\sdei_global_uhi_2013 \\Dataserver0\sedac\UHI_product\data\Output\Final_Data_Products\sdei-global-uhi-2013-shp\shp sdei_global_uhi_2013.shp # "Shape_Leng "Shape_Length" false true true 8 Double 0 0 ,First,#,\\Dataserver0\sedac\UHI_product\data\Output\Final_Data_Products\sdei-global-uhi-2013-gdb\sdei_global_uhi_2013.gdb\sdei_global_uhi_2013,Shape_Length,-1,-1;Shape_Area "Shape_Area" false true true 8 Double 0 0 ,First,#,\\Dataserver0\sedac\UHI_product\data\Output\Final_Data_Products\sdei-global-uhi-2013-gdb\sdei_global_uhi_2013.gdb\sdei_global_uhi_2013,Shape_Area,-1,-1;ISOURBID "ISOURBID" true true false 25 Text 0 0 ,First,#,\\Dataserver0\sedac\UHI_product\data\Output\Final_Data_Products\sdei-global-uhi-2013-gdb\sdei_global_uhi_2013.gdb\sdei_global_uhi_2013,ISOURBID,-1,-1;ISO3 "ISO3" true true false 3 Text 0 0 ,First,#,\\Dataserver0\sedac\UHI_product\data\Output\Final_Data_Products\sdei-global-uhi-2013-gdb\sdei_global_uhi_2013.gdb\sdei_global_uhi_2013,ISO3,-1,-1;URBID "URBID" true true false 4 Long 0 0 ,First,#,\\Dataserver0\sedac\UHI_product\data\Output\Final_Data_Products\sdei-global-uhi-2013-gdb\sdei_global_uhi_2013.gdb\sdei_global_uhi_2013,URBID,-1,-1;NAME "NAME" true true false 35 Text 0 0 ,First,#,\\Dataserver0\sedac\UHI_product\data\Output\Final_Data_Products\sdei-global-uhi-2013-gdb\sdei_global_uhi_2013.gdb\sdei_global_uhi_2013,NAME,-1,-1;SCHNM "SCHNM" true true false 35 Text 0 0 ,First,#,\\Dataserver0\sedac\UHI_product\data\Output\Final_Data_Products\sdei-global-uhi-2013-gdb\sdei_global_uhi_2013.gdb\sdei_global_uhi_2013,SCHNM,-1,-1;ES90POP "ES90POP" true true false 8 Double 0 0 ,First,#,\\Dataserver0\sedac\UHI_product\data\Output\Final_Data_Products\sdei-global-uhi-2013-gdb\sdei_global_uhi_2013.gdb\sdei_global_uhi_2013,ES90POP,-1,-1;ES95POP "ES95POP" true true false 8 Double 0 0 ,First,#,\\Dataserver0\sedac\UHI_product\data\Output\Final_Data_Products\sdei-global-uhi-2013-gdb\sdei_global_uhi_2013.gdb\sdei_global_uhi_2013,ES95POP,-1,-1;ES00POP "ES00POP" true true false 8 Double 0 0 ,First,#,\\Dataserver0\sedac\UHI_product\data\Output\Final_Data_Products\sdei-global-uhi-2013-gdb\sdei_global_uhi_2013.gdb\sdei_global_uhi_2013,ES00POP,-1,-1;SQKM_FINAL "SQKM_FINAL" true true false 4 Float 0 0 ,First,#,\\Dataserver0\sedac\UHI_product\data\Output\Final_Data_Products\sdei-global-uhi-2013-gdb\sdei_global_uhi_2013.gdb\sdei_global_uhi_2013,SQKM_FINAL,-1,-1;URB_D_MEAN "URB_D_MEAN" true true false 8 Double 0 0 ,First,#,\\Dataserver0\sedac\UHI_product\data\Output\Final_Data_Products\sdei-global-uhi-2013-gdb\sdei_global_uhi_2013.gdb\sdei_global_uhi_2013,URB_D_MEAN,-1,-1;BUF_D_MEAN "BUF_D_MEAN" true true false 8 Double 0 0 ,First,#,\\Dataserver0\sedac\UHI_product\data\Output\Final_Data_Products\sdei-global-uhi-2013-gdb\sdei_global_uhi_2013.gdb\sdei_global_uhi_2013,BUF_D_MEAN,-1,-1;D_T_DIFF "D_T_DIFF" true true false 8 Double 0 0 ,First,#,\\Dataserver0\sedac\UHI_product\data\Output\Final_Data_Products\sdei-global-uhi-2013-gdb\sdei_global_uhi_2013.gdb\sdei_global_uhi_2013,D_T_DIFF,-1,-1;URB_N_MEAN "URB_N_MEAN" true true false 8 Double 0 0 ,First,#,\\Dataserver0\sedac\UHI_product\data\Output\Final_Data_Products\sdei-global-uhi-2013-gdb\sdei_global_uhi_2013.gdb\sdei_global_uhi_2013,URB_N_MEAN,-1,-1;BUF_N_MEAN "BUF_N_MEAN" true true false 8 Double 0 0 ,First,#,\\Dataserver0\sedac\UHI_product\data\Output\Final_Data_Products\sdei-global-uhi-2013-gdb\sdei_global_uhi_2013.gdb\sdei_global_uhi_2013,BUF_N_MEAN,-1,-1;N_T_DIFF "N_T_DIFF" true true false 8 Double 0 0 ,First,#,\\Dataserver0\sedac\UHI_product\data\Output\Final_Data_Products\sdei-global-uhi-2013-gdb\sdei_global_uhi_2013.gdb\sdei_global_uhi_2013,N_T_DIFF,-1,-1;LATITUDE "LATITUDE" true true false 8 Double 0 0 ,First,#,\\Dataserver0\sedac\UHI_product\data\Output\Final_Data_Products\sdei-global-uhi-2013-gdb\sdei_global_uhi_2013.gdb\sdei_global_uhi_2013,LATITUDE,-1,-1;LONGITUDE "LONGITUDE" true true false 8 Double 0 0 ,First,#,\\Dataserver0\sedac\UHI_product\data\Output\Final_Data_Products\sdei-global-uhi-2013-gdb\sdei_global_uhi_2013.gdb\sdei_global_uhi_2013,LONGITUDE,-1,-1" #</Process></lineage><itemProps><itemName Sync="TRUE">sdei-global-uhi-2013</itemName><imsContentType Sync="TRUE">002</imsContentType><itemSize Sync="TRUE">43.116</itemSize><itemLocation><linkage Sync="TRUE">file://\\Dataserver0\sedac\UHI_product\data\Output\Final_Data_Products\sdei-global-uhi-2013-shp\shp\sdei-global-uhi-2013.shp</linkage><protocol Sync="TRUE">Local Area Network</protocol></itemLocation><nativeExtBox><westBL Sync="TRUE">-176.199997</westBL><eastBL Sync="TRUE">179.458313</eastBL><southBL Sync="TRUE">-54.858002</southBL><northBL Sync="TRUE">78.274611</northBL><exTypeCode Sync="TRUE">1</exTypeCode></nativeExtBox></itemProps><coordRef><type Sync="TRUE">Geographic</type><geogcsn Sync="TRUE">GCS_WGS_1984</geogcsn><csUnits Sync="TRUE">Angular Unit: Degree (0.017453)</csUnits><peXml Sync="TRUE">&lt;GeographicCoordinateSystem xsi:type='typens:GeographicCoordinateSystem' xmlns:xsi='http://www.w3.org/2001/XMLSchema-instance' xmlns:xs='http://www.w3.org/2001/XMLSchema' xmlns:typens='http://www.esri.com/schemas/ArcGIS/10.3'&gt;&lt;WKT&gt;GEOGCS[&amp;quot;GCS_WGS_1984&amp;quot;,DATUM[&amp;quot;D_WGS_1984&amp;quot;,SPHEROID[&amp;quot;WGS_1984&amp;quot;,6378137.0,298.257223563]],PRIMEM[&amp;quot;Greenwich&amp;quot;,0.0],UNIT[&amp;quot;Degree&amp;quot;,0.0174532925199433],AUTHORITY[&amp;quot;EPSG&amp;quot;,4326]]&lt;/WKT&gt;&lt;XOrigin&gt;-400&lt;/XOrigin&gt;&lt;YOrigin&gt;-400&lt;/YOrigin&gt;&lt;XYScale&gt;11258999068426.238&lt;/XYScale&gt;&lt;ZOrigin&gt;-100000&lt;/ZOrigin&gt;&lt;ZScale&gt;10000&lt;/ZScale&gt;&lt;MOrigin&gt;-100000&lt;/MOrigin&gt;&lt;MScale&gt;10000&lt;/MScale&gt;&lt;XYTolerance&gt;8.983152841195215e-009&lt;/XYTolerance&gt;&lt;ZTolerance&gt;0.001&lt;/ZTolerance&gt;&lt;MTolerance&gt;0.001&lt;/MTolerance&gt;&lt;HighPrecision&gt;true&lt;/HighPrecision&gt;&lt;LeftLongitude&gt;-180&lt;/LeftLongitude&gt;&lt;WKID&gt;4326&lt;/WKID&gt;&lt;LatestWKID&gt;4326&lt;/LatestWKID&gt;&lt;/GeographicCoordinateSystem&gt;</peXml></coordRef></DataProperties><SyncDate>20160219</SyncDate><SyncTime>10254200</SyncTime><ModDate>20160219</ModDate><ModTime>10254200</ModTime></Esri><dataIdInfo><envirDesc Sync="TRUE">Microsoft Windows 7 Version 6.1 (Build 7601) Service Pack 1; Esri ArcGIS 10.3.1.4959</envirDesc><dataLang><languageCode value="eng" Sync="TRUE"></languageCode><countryCode value="USA" Sync="TRUE"></countryCode></dataLang><idCitation><resTitle Sync="TRUE">sdei-global-uhi-2013</resTitle><presForm><PresFormCd value="005" Sync="TRUE"></PresFormCd></presForm></idCitation><spatRpType><SpatRepTypCd value="001" Sync="TRUE"></SpatRepTypCd></spatRpType><dataExt><geoEle><GeoBndBox esriExtentType="search"><exTypeCode Sync="TRUE">1</exTypeCode><westBL Sync="TRUE">-176.199997</westBL><eastBL Sync="TRUE">179.458313</eastBL><northBL Sync="TRUE">78.274611</northBL><southBL Sync="TRUE">-54.858002</southBL></GeoBndBox></geoEle></dataExt></dataIdInfo><mdLang><languageCode value="eng" Sync="TRUE"></languageCode><countryCode value="USA" Sync="TRUE"></countryCode></mdLang><distInfo><distFormat><formatName Sync="TRUE">Shapefile</formatName></distFormat><distTranOps><transSize Sync="TRUE">43.116</transSize></distTranOps></distInfo><mdHrLv><ScopeCd value="005" Sync="TRUE"></ScopeCd></mdHrLv><mdHrLvName Sync="TRUE">dataset</mdHrLvName><refSysInfo><RefSystem><refSysID><identCode code="4326" Sync="TRUE"></identCode><idCodeSpace Sync="TRUE">EPSG</idCodeSpace><idVersion Sync="TRUE">8.6.2</idVersion></refSysID></RefSystem></refSysInfo><spatRepInfo><VectSpatRep><geometObjs Name="sdei-global-uhi-2013"><geoObjTyp><GeoObjTypCd value="002" Sync="TRUE"></GeoObjTypCd></geoObjTyp><geoObjCnt Sync="TRUE">31500</geoObjCnt></geometObjs><topLvl><TopoLevCd value="001" Sync="TRUE"></TopoLevCd></topLvl></VectSpatRep></spatRepInfo><spdoinfo><ptvctinf><esriterm Name="sdei-global-uhi-2013"><efeatyp Sync="TRUE">Simple</efeatyp><efeageom code="4" Sync="TRUE"></efeageom><esritopo Sync="TRUE">FALSE</esritopo><efeacnt Sync="TRUE">31500</efeacnt><spindex Sync="TRUE">FALSE</spindex><linrefer Sync="TRUE">FALSE</linrefer></esriterm></ptvctinf></spdoinfo><eainfo><detailed Name="sdei-global-uhi-2013"><enttyp><enttypl Sync="TRUE">sdei-global-uhi-2013</enttypl><enttypt Sync="TRUE">Feature Class</enttypt><enttypc Sync="TRUE">31500</enttypc></enttyp><attr><attrlabl Sync="TRUE">FID</attrlabl><attalias Sync="TRUE">FID</attalias><attrtype Sync="TRUE">OID</attrtype><attwidth Sync="TRUE">4</attwidth><atprecis Sync="TRUE">0</atprecis><attscale Sync="TRUE">0</attscale><attrdef Sync="TRUE">Internal feature number.</attrdef><attrdefs Sync="TRUE">Esri</attrdefs><attrdomv><udom Sync="TRUE">Sequential unique whole numbers that are automatically generated.</udom></attrdomv></attr><attr><attrlabl Sync="TRUE">Shape</attrlabl><attalias Sync="TRUE">Shape</attalias><attrtype Sync="TRUE">Geometry</attrtype><attwidth Sync="TRUE">0</attwidth><atprecis Sync="TRUE">0</atprecis><attscale Sync="TRUE">0</attscale><attrdef Sync="TRUE">Feature geometry.</attrdef><attrdefs Sync="TRUE">Esri</attrdefs><attrdomv><udom Sync="TRUE">Coordinates defining the features.</udom></attrdomv></attr><attr><attrlabl Sync="TRUE">ISOURBID</attrlabl><attalias Sync="TRUE">ISOURBID</attalias><attrtype Sync="TRUE">String</attrtype><attwidth Sync="TRUE">25</attwidth><atprecis Sync="TRUE">0</atprecis><attscale Sync="TRUE">0</attscale></attr><attr><attrlabl Sync="TRUE">ISO3</attrlabl><attalias Sync="TRUE">ISO3</attalias><attrtype Sync="TRUE">String</attrtype><attwidth Sync="TRUE">3</attwidth><atprecis Sync="TRUE">0</atprecis><attscale Sync="TRUE">0</attscale></attr><attr><attrlabl Sync="TRUE">URBID</attrlabl><attalias Sync="TRUE">URBID</attalias><attrtype Sync="TRUE">Integer</attrtype><attwidth Sync="TRUE">9</attwidth><atprecis Sync="TRUE">9</atprecis><attscale Sync="TRUE">0</attscale></attr><attr><attrlabl Sync="TRUE">NAME</attrlabl><attalias Sync="TRUE">NAME</attalias><attrtype Sync="TRUE">String</attrtype><attwidth Sync="TRUE">35</attwidth><atprecis Sync="TRUE">0</atprecis><attscale Sync="TRUE">0</attscale></attr><attr><attrlabl Sync="TRUE">SCHNM</attrlabl><attalias Sync="TRUE">SCHNM</attalias><attrtype Sync="TRUE">String</attrtype><attwidth Sync="TRUE">35</attwidth><atprecis Sync="TRUE">0</atprecis><attscale Sync="TRUE">0</attscale></attr><attr><attrlabl Sync="TRUE">ES90POP</attrlabl><attalias Sync="TRUE">ES90POP</attalias><attrtype Sync="TRUE">Double</attrtype><attwidth Sync="TRUE">19</attwidth><atprecis Sync="TRUE">0</atprecis><attscale Sync="TRUE">0</attscale></attr><attr><attrlabl Sync="TRUE">ES95POP</attrlabl><attalias Sync="TRUE">ES95POP</attalias><attrtype Sync="TRUE">Double</attrtype><attwidth Sync="TRUE">19</attwidth><atprecis Sync="TRUE">0</atprecis><attscale Sync="TRUE">0</attscale></attr><attr><attrlabl Sync="TRUE">ES00POP</attrlabl><attalias Sync="TRUE">ES00POP</attalias><attrtype Sync="TRUE">Double</attrtype><attwidth Sync="TRUE">19</attwidth><atprecis Sync="TRUE">0</atprecis><attscale Sync="TRUE">0</attscale></attr><attr><attrlabl Sync="TRUE">SQKM_FINAL</attrlabl><attalias Sync="TRUE">SQKM_FINAL</attalias><attrtype Sync="TRUE">Single</attrtype><attwidth Sync="TRUE">13</attwidth><atprecis Sync="TRUE">0</atprecis><attscale Sync="TRUE">0</attscale></attr><attr><attrlabl Sync="TRUE">URB_D_MEAN</attrlabl><attalias Sync="TRUE">URB_D_MEAN</attalias><attrtype Sync="TRUE">Double</attrtype><attwidth Sync="TRUE">19</attwidth><atprecis Sync="TRUE">0</atprecis><attscale Sync="TRUE">0</attscale></attr><attr><attrlabl Sync="TRUE">BUF_D_MEAN</attrlabl><attalias Sync="TRUE">BUF_D_MEAN</attalias><attrtype Sync="TRUE">Double</attrtype><attwidth Sync="TRUE">19</attwidth><atprecis Sync="TRUE">0</atprecis><attscale Sync="TRUE">0</attscale></attr><attr><attrlabl Sync="TRUE">D_T_DIFF</attrlabl><attalias Sync="TRUE">D_T_DIFF</attalias><attrtype Sync="TRUE">Double</attrtype><attwidth Sync="TRUE">19</attwidth><atprecis Sync="TRUE">0</atprecis><attscale Sync="TRUE">0</attscale></attr><attr><attrlabl Sync="TRUE">URB_N_MEAN</attrlabl><attalias Sync="TRUE">URB_N_MEAN</attalias><attrtype Sync="TRUE">Double</attrtype><attwidth Sync="TRUE">19</attwidth><atprecis Sync="TRUE">0</atprecis><attscale Sync="TRUE">0</attscale></attr><attr><attrlabl Sync="TRUE">BUF_N_MEAN</attrlabl><attalias Sync="TRUE">BUF_N_MEAN</attalias><attrtype Sync="TRUE">Double</attrtype><attwidth Sync="TRUE">19</attwidth><atprecis Sync="TRUE">0</atprecis><attscale Sync="TRUE">0</attscale></attr><attr><attrlabl Sync="TRUE">N_T_DIFF</attrlabl><attalias Sync="TRUE">N_T_DIFF</attalias><attrtype Sync="TRUE">Double</attrtype><attwidth Sync="TRUE">19</attwidth><atprecis Sync="TRUE">0</atprecis><attscale Sync="TRUE">0</attscale></attr><attr><attrlabl Sync="TRUE">LATITUDE</attrlabl><attalias Sync="TRUE">LATITUDE</attalias><attrtype Sync="TRUE">Double</attrtype><attwidth Sync="TRUE">19</attwidth><atprecis Sync="TRUE">0</atprecis><attscale Sync="TRUE">0</attscale></attr><attr><attrlabl Sync="TRUE">LONGITUDE</attrlabl><attalias Sync="TRUE">LONGITUDE</attalias><attrtype Sync="TRUE">Double</attrtype><attwidth Sync="TRUE">19</attwidth><atprecis Sync="TRUE">0</atprecis><attscale Sync="TRUE">0</attscale></attr></detailed></eainfo><mdDateSt Sync="TRUE">20160219</mdDateSt></metadata>
